﻿<?xml version="1.0" encoding="utf-8" standalone="yes"?>
<language alias="en" intName="English (US)" localName="English (US)" lcid="" culture="en-US">
	<creator>
		<name>Jonathan Richards</name>
	</creator>

	<area alias="terratypeGoogleMapsV3">
		<key alias="name">Google Maps V3</key>
		<key alias="description">Mapping system operated by Google. Requires an API key and is free upto 25,000 map loads per 24 hour period, then $0.50 per 1000 addition requests</key>
		<key alias="referenceUrl">https://developers.google.com/maps/documentation/javascript/</key>
	</area>

	<area alias="terratypeGoogleMapsV3ConfigAppearance">

		<key alias="basicMapLabel">Basic Map:</key>
		<key alias="basicMapDescription">Do you want to see the standard map</key>

		<key alias="terrainMapLabel">Terrain Map:</key>
		<key alias="terrainMapDescription">Do you want to see the standard map with terrain features</key>

		<key alias="satelliteMapLabel">Satellite Map:</key>
		<key alias="satelliteMapDescription">Do you want to see the satellite map</key>

		<key alias="mapSelectorLabel">Map Selector Type:</key>
		<key alias="mapSelectorDescription">How do you want the user to select between viewing a standard, terrain and satellite map</key>
		<key alias="mapSelectorHorizontalBar">Horizontal Bar</key>
		<key alias="mapSelectorDropdownMenu">Dropdown Menu</key>
		<key alias="mapSelectorPositionLabel">Map Selector Position:</key>
		<key alias="mapSelectorPositionDescription">Where do you want the map selector to be positioned on the map</key>

		<key alias="positionDefault">[Default]</key>
		<key alias="positionTopLeft">Top Left</key>
		<key alias="positionTopCenter">Top Center</key>
		<key alias="positionTopRight">Top Right</key>
		<key alias="positionLeftTop">Left Top</key>
		<key alias="positionRightTop">Right Top</key>
		<key alias="positionLeftCenter">Left Center</key>
		<key alias="positionCenter">Center</key>
		<key alias="positionRightCenter">Right Center</key>
		<key alias="positionLeftBottom">Left Bottom</key>
		<key alias="positionRightBottom">Right Bottom</key>
		<key alias="positionBottomLeft">Bottom Left</key>
		<key alias="positionBottomCenter">Bottom Center</key>
		<key alias="positionBottomRight">Bottom Right</key>

		<key alias="fullscreenLabel">Fullscreen:</key>
		<key alias="fullscreenDescription">Allow the map to take up the whole screen. Only available on certain browsers / devices.</key>
		<key alias="fullscreenPositionLabel">Fullscreen Button Position:</key>
		<key alias="fullscreenPositionDescription">Where do you want the fullscreen button to be positioned on the map</key>

		<key alias="scaleLabel">Scale:</key>
		<key alias="scaleDescription">Allow the map to show the current scale being used</key>

		<key alias="streetviewLabel">Streetview:</key>
		<key alias="streetviewDescription">Allow user to select streetview mode</key>
		<key alias="streetviewPositionLabel">Streetview Position:</key>
		<key alias="streetviewPositionDescription">Where do you want the streetview 'pegman' to be positioned on the map</key>

		<key alias="zoomLabel">Zoom:</key>
		<key alias="zoomDescription">Show zoom control</key>
		<key alias="zoomPositionLabel">Zoom Position:</key>
		<key alias="zoomPositionDescription">Where do you want the zoom control buttons to be positioned on the map</key>

		<key alias="stylingLabel">Styling:</key>
		<key alias="stylingDescription">Predefined map styles</key>
		<key alias="stylingStandard">Standard</key>
		<key alias="stylingAvocado">Avocado</key>
		<key alias="stylingBlush">Blush</key>
		<key alias="stylingBrightAndBubbly"><![CDATA[Bright & Bubbly]]></key>
		<key alias="stylingColbalt">Colbalt</key>
		<key alias="stylingCrisp">Crisp</key>
		<key alias="stylingDark">Dark</key>
		<key alias="stylingDiscreet">Discreet</key>
		<key alias="stylingDesert">Desert</key>
		<key alias="stylingFlat">Flat</key>
		<key alias="stylingHopper">Hopper</key>
		<key alias="stylingHotel">Hotel</key>
		<key alias="stylingIce">Ice</key>
		<key alias="stylingLightDream">Light Dream</key>
		<key alias="stylingLost">Lost</key>
		<key alias="stylingMapBox">MapBox</key>
		<key alias="stylingMutedBlue">Muted Blue</key>
		<key alias="stylingNight">Night</key>
		<key alias="stylingOldDryMud">Old Dry Mud</key>
		<key alias="stylingOrange">Orange</key>
		<key alias="stylingPaleDawn">Pale Dawn</key>
		<key alias="stylingPastel">Pastel</key>
		<key alias="stylingRedAlert">Red Alert</key>
		<key alias="stylingRetro">Retro</key>
		<key alias="stylingShiftWorker">Shift Worker</key>
		<key alias="stylingSilver">Silver</key>
		<key alias="stylingSpots">Spots</key>
		<key alias="stylingTuristic">Turistic</key>
		<key alias="stylingUnsaturatedBrowns">Unsaturated Browns</key>

		<key alias="roadsLabel">Roads:</key>
		<key alias="roadsDescription">Do you want roads to appear on the map</key>

		<key alias="landmarksLabel">Landmarks:</key>
		<key alias="landmarksDescription">Do you want landmarks to appear on the map</key>

		<key alias="labelsLabel">Labels:</key>
		<key alias="labelsDescription">Do you want labels (names of countries, regions, areas, etc) to appear on the map</key>

		<key alias="positionLabel">Default location:</key>
		<key alias="positionDescription">Select the default location when displaying this map to a content editor</key>

	</area>

	<area alias="terratypeGoogleMapsV3ConfigDefinition">

		<key alias="versionLabel">Version:</key>
		<key alias="versionDescription">Which release of Google Maps V3 would you like to target (Note: Even when specifying a specific version the loaded version will vary depending on your browser)</key>
		<key alias="version3">Stable</key>
		<key alias="version3exp">Experimental</key>
		<key alias="version340">3.40 (Scheduled for February 2020)</key>
		<key alias="version339">3.39 (Scheduled for November 2019)</key>
		<key alias="version338">3.38 (Scheduled for August 2019)</key>
		<key alias="version337">3.37 (Released 15 May 2019)</key>
		<key alias="version336">3.36 (Released 14 February 2019)</key>
		<key alias="version335">3.35 (Released 29 January 2019)</key>
		<key alias="version334">3.34 (Released 14 August 2018)</key>
		<key alias="version333">3.33 (Released 11 June 2018)</key>
		<key alias="version332">3.32 (Released 13 February 2018)</key>
		<key alias="version331">3.31 (Also Released 13 February 2018)</key>
		<key alias="version330">3.30 (Released 15 August 2017)</key>
		<key alias="version329">3.29 (Released 5 July 2017)</key>
		<key alias="version328">3.28 (Released 15 February 2017)</key>
		<key alias="version327">3.27 (Released 10 January 2017)</key>
		<key alias="version326">3.26 (Released 18 August 2016)</key>
		<key alias="version325">3.25 (Released 25 May 2016)</key>
		<key alias="version324">3.24 (Released 14 April 2016)</key>
		<key alias="version323">3.23 (Released 18 January 2016)</key>
		<key alias="version322">3.22 (Released 7 January 2016)</key>
		<key alias="version321">3.21 (Released 5 August 2015)</key>
		<key alias="version320">3.20 (Released 24 April 2015)</key>
		<key alias="version319">3.19 (Released 24 April 2015)</key>
		<key alias="version318">3.18 (Released 4 December 2014)</key>
		<key alias="version317">3.17 (Released 20 August 2014)</key>
		<key alias="version316">3.16 (Released 15 April 2014)</key>
		<key alias="version315">3.15 (Released 3 March 2014)</key>
		<key alias="version314">3.14 (Released 10 September 2013)</key>
		<key alias="version313">3.13 (Released 25 June 2013)</key>
		<key alias="version312">3.12 (Released 4 June 2013)</key>
		<key alias="version311">3.11 (Released 19 February 2013)</key>
		<key alias="version310">3.10 (Released 4 February 2013)</key>
		<key alias="version39">3.9 (Released 10 September 2012)</key>
		<key alias="version38">3.8 (Released 1 May, 2012)</key>
		<key alias="version37">3.7 (Released 7 February 2012)</key>
		<key alias="version36">3.6 (Released 31 October 2011)</key>
		<key alias="version35">3.5 (Released 10 August 2011)</key>
		<key alias="version34">3.4 (Released 7 May 2011)</key>
		<key alias="version33">3.3 (Released 17 March 2011)</key>
		<key alias="version32">3.2 (Released 11 November 2010)</key>
		<key alias="version31">3.1 (Released 28 September 2010)</key>
		<key alias="version30">3.0 (Released 18 May 2010)</key>
		<key alias="versionLoaded"><![CDATA[Google Maps V{{view().provider.version}} has been loaded. See <a href="https://developers.google.com/maps/documentation/javascript/releases#3{{view().provider.versionMajor}}" target="_blank">changelog</a> for details]]></key>

		<key alias="apiKeyLabel">Google API Key:</key>
		<key alias="apiKeyDescription"><![CDATA[Enter your <a href="https://console.developers.google.com/apis/credentials">Google Map API Key</a> which is linked to this domain. Using localhost with a port number also requires a key. Deploying this Umbraco to other domains requires those domains to be linked to this Google Map API key too]]></key>
		<key alias="apiKeyPlaceholder">Google API Key</key>
		<key alias="apiKeyGet">[Get a key]</key>
		<key alias="apiKeyInvalid">Invalid API Key</key>
		<key alias="apiKeyValid">API Key is valid</key>
		<key alias="retryTitle">Try and reload map using this Google Map API Key</key>
		<key alias="retryLabel">Retry</key>

		<key alias="httpsLabel">Force Https:</key>
		<key alias="httpsDescription">Force all Google Map requests to use HTTPS protocol, even if the Umbraco instance is running on HTTP. Only relevant when Umbraco is running on HTTP</key>

		<key alias="languageLabel">Language:</key>
		<key alias="languageDescription">Primary language used to display places</key>
		<key alias="languageUseDefault">[Use Umbraco]</key>
		<key alias="languageAB">Abkhaz (аҧсуа бызшәа, аҧсшәа)</key>
		<key alias="languageAA">Afar (Afaraf)</key>
		<key alias="languageAF">Afrikaans (Afrikaans)</key>
		<key alias="languageAK">Akan (Akan)</key>
		<key alias="languageSQ">Albanian (Shqip)</key>
		<key alias="languageAM">Amharic (አማርኛ)</key>
		<key alias="languageAR">Arabic (العربية)</key>
		<key alias="languageAN">Aragonese (aragonés)</key>
		<key alias="languageHY">Armenian (Հայերեն)</key>
		<key alias="languageAS">Assamese (অসমীয়া)</key>
		<key alias="languageAV">Avaric (авар мацӀ, магӀарул мацӀ)</key>
		<key alias="languageAE">Avestan (avesta)</key>
		<key alias="languageAY">Aymara (aymar aru)</key>
		<key alias="languageAZ">Azerbaijani (azərbaycan dili)</key>
		<key alias="languageBM">Bambara (bamanankan)</key>
		<key alias="languageBA">Bashkir (башҡорт теле)</key>
		<key alias="languageEU">Basque (euskara, euskera)</key>
		<key alias="languageBE">Belarusian (беларуская мова)</key>
		<key alias="languageBN">Bengali (বাংলা)</key>
		<key alias="languageBH">Bihari (भोजपुरी)</key>
		<key alias="languageBI">Bislama (Bislama)</key>
		<key alias="languageBS">Bosnian (bosanski jezik)</key>
		<key alias="languageBR">Breton (brezhoneg)</key>
		<key alias="languageBG">Bulgarian (български език)</key>
		<key alias="languageMY">Burmese (ဗမာစာ)</key>
		<key alias="languageCA">Catalan (català)</key>
		<key alias="languageCH">Chamorro (Chamoru)</key>
		<key alias="languageCE">Chechen (нохчийн мотт)</key>
		<key alias="languageNY">Chichewa (chiCheŵa, chinyanja)</key>
		<key alias="languageZH">Chinese (中文, 汉语, 漢語)</key>
		<key alias="languageCV">Chuvash (чӑваш чӗлхи)</key>
		<key alias="languageKW">Cornish (Kernewek)</key>
		<key alias="languageCO">Corsican (corsu, lingua corsa)</key>
		<key alias="languageCR">Cree (ᓀᐦᐃᔭᐍᐏᐣ)</key>
		<key alias="languageHR">Croatian (hrvatski jezik)</key>
		<key alias="languageCS">Czech (čeština, český jazyk)</key>
		<key alias="languageDA">Danish (dansk)</key>
		<key alias="languageDV">Divehi (ދިވެހި)</key>
		<key alias="languageNL">Dutch (Nederlands, Vlaams)</key>
		<key alias="languageDZ">Dzongkha (རྫོང་ཁ)</key>
		<key alias="languagePA">Eastern Punjabi (ਪੰਜਾਬੀ)</key>
		<key alias="languageEN">English (English)</key>
		<key alias="languageEO">Esperanto (Esperanto)</key>
		<key alias="languageET">Estonian (eesti, eesti keel)</key>
		<key alias="languageEE">Ewe (Eʋegbe)</key>
		<key alias="languageFO">Faroese (føroyskt)</key>
		<key alias="languageFJ">Fijian (vosa Vakaviti)</key>
		<key alias="languageFI">Finnish (suomi, suomen kieli)</key>
		<key alias="languageFR">French (français)</key>
		<key alias="languageFF">Fula (Fulfulde, Pulaar, Pular)</key>
		<key alias="languageGL">Galician (galego)</key>
		<key alias="languageLG">Ganda (Luganda)</key>
		<key alias="languageKA">Georgian (ქართული)</key>
		<key alias="languageDE">German (Deutsch)</key>
		<key alias="languageEL">Greek (ελληνικά)</key>
		<key alias="languageGN">Guaraní (Avañe'ẽ)</key>
		<key alias="languageGU">Gujarati (ગુજરાતી)</key>
		<key alias="languageHT">Haitian (Kreyòl ayisyen)</key>
		<key alias="languageHA">Hausa ((Hausa) هَوُسَ)</key>
		<key alias="languageHE">Hebrew (עברית)</key>
		<key alias="languageHZ">Herero (Otjiherero)</key>
		<key alias="languageHI">Hindi (हिन्दी, हिंदी)</key>
		<key alias="languageHO">Hiri Motu (Hiri Motu)</key>
		<key alias="languageHU">Hungarian (magyar)</key>
		<key alias="languageIS">Icelandic (Íslenska)</key>
		<key alias="languageIO">Ido (Ido)</key>
		<key alias="languageIG">Igbo (Asụsụ Igbo)</key>
		<key alias="languageID">Indonesian (Bahasa Indonesia)</key>
		<key alias="languageIA">Interlingua (Interlingua)</key>
		<key alias="languageIE">Interlingue (Interlingue)</key>
		<key alias="languageIU">Inuktitut (ᐃᓄᒃᑎᑐᑦ)</key>
		<key alias="languageIK">Inupiaq (Iñupiaq, Iñupiatun)</key>
		<key alias="languageGA">Irish (Gaeilge)</key>
		<key alias="languageIT">Italian (Italiano)</key>
		<key alias="languageJA">Japanese (日本語 (にほんご))</key>
		<key alias="languageJV">Javanese (ꦧꦱꦗꦮ)</key>
		<key alias="languageKL">Kalaallisut (kalaallisut, kalaallit oqaasii)</key>
		<key alias="languageKN">Kannada (ಕನ್ನಡ)</key>
		<key alias="languageKR">Kanuri (Kanuri)</key>
		<key alias="languageKS">Kashmiri (कश्मीरी, كشميري‎)</key>
		<key alias="languageKK">Kazakh (қазақ тілі)</key>
		<key alias="languageKM">Khmer (ខ្មែរ, ខេមរភាសា, ភាសាខ្មែរ)</key>
		<key alias="languageKI">Kikuyu (Gĩkũyũ)</key>
		<key alias="languageRW">Kinyarwanda (Ikinyarwanda)</key>
		<key alias="languageRN">Kirundi (Ikirundi)</key>
		<key alias="languageKV">Komi (коми кыв)</key>
		<key alias="languageKG">Kongo (Kikongo)</key>
		<key alias="languageKO">Korean (한국어)</key>
		<key alias="languageKU">Kurdish (Kurdî, كوردی‎)</key>
		<key alias="languageKJ">Kwanyama (Kuanyama)</key>
		<key alias="languageKY">Kyrgyz (Кыргызча, Кыргыз тили)</key>
		<key alias="languageLO">Lao (ພາສາລາວ)</key>
		<key alias="languageLA">Latin (latine)</key>
		<key alias="languageLV">Latvian (latviešu valoda)</key>
		<key alias="languageLI">Limburgish (Limburgs)</key>
		<key alias="languageLN">Lingala (Lingála)</key>
		<key alias="languageLT">Lithuanian (lietuvių kalba)</key>
		<key alias="languageLU">Luba-Katanga (Tshiluba)</key>
		<key alias="languageLB">Luxembourgish (Lëtzebuergesch)</key>
		<key alias="languageMK">Macedonian (македонски јазик)</key>
		<key alias="languageMG">Malagasy (fiteny malagasy)</key>
		<key alias="languageMS">Malay ( بهاس ملايو‎)</key>
		<key alias="languageML">Malayalam (മലയാളം)</key>
		<key alias="languageMT">Maltese (Malti)</key>
		<key alias="languageGV">Manx (Gaelg, Gailck)</key>
		<key alias="languageMR">Marathi (Marāṭhī) (मराठी)</key>
		<key alias="languageMH">Marshallese (Kajin M̧ajeļ)</key>
		<key alias="languageMN">Mongolian (Монгол хэл)</key>
		<key alias="languageMI">Māori (te reo Māori)</key>
		<key alias="languageNA">Nauruan (Dorerin Naoero)</key>
		<key alias="languageNV">Navajo (Diné bizaad)</key>
		<key alias="languageNG">Ndonga (Owambo)</key>
		<key alias="languageNE">Nepali (नेपाली)</key>
		<key alias="languageND">Northern Ndebele (isiNdebele)</key>
		<key alias="languageSE">Northern Sami (Davvisámegiella)</key>
		<key alias="languageNO">Norwegian (Norsk)</key>
		<key alias="languageNB">Norwegian Bokmål (Norsk bokmål)</key>
		<key alias="languageNN">Norwegian Nynorsk (Norsk nynorsk)</key>
		<key alias="languageII">Nuosu (ꆈꌠ꒿)</key>
		<key alias="languageOC">Occitan (occitan, lenga d'òc)</key>
		<key alias="languageOJ">Ojibwe (ᐊᓂᔑᓈᐯᒧᐎᓐ)</key>
		<key alias="languageCU">Old Bulgarian (ѩзыкъ словѣньскъ)</key>
		<key alias="languageOR">Oriya (ଓଡ଼ିଆ)</key>
		<key alias="languageOM">Oromo (Afaan Oromoo)</key>
		<key alias="languageOS">Ossetian (ирон æвзаг)</key>
		<key alias="languagePS">Pashto (پښتو)</key>
		<key alias="languageFA">Farsi (فارسی)</key>
		<key alias="languagePL">Polish (język polski, polszczyzna)</key>
		<key alias="languagePT">Portuguese (Português)</key>
		<key alias="languagePI">Pāli (पाऴि)</key>
		<key alias="languageQU">Quechua (Runa Simi, Kichwa)</key>
		<key alias="languageRO">Romanian (Română)</key>
		<key alias="languageRM">Romansh (rumantsch grischun)</key>
		<key alias="languageRU">Russian (Русский)</key>
		<key alias="languageSM">Samoan (gagana fa'a Samoa)</key>
		<key alias="languageSG">Sango (yângâ tî sängö)</key>
		<key alias="languageSA">Sanskrit (संस्कृतम्)</key>
		<key alias="languageSC">Sardinian (sardu)</key>
		<key alias="languageGD">Scottish Gaelic (Gàidhlig)</key>
		<key alias="languageSR">Serbian (српски језик)</key>
		<key alias="languageSN">Shona (chiShona)</key>
		<key alias="languageSD">Sindhi (सिन्धी, سنڌي، سندھی‎)</key>
		<key alias="languageSI">Sinhalese (සිංහල)</key>
		<key alias="languageSK">Slovak (slovenčina, slovenský jazyk)</key>
		<key alias="languageSL">Slovene (slovenski jezik, slovenščina)</key>
		<key alias="languageSO">Somali (Soomaaliga, af Soomaali)</key>
		<key alias="languageNR">Southern Ndebele (isiNdebele)</key>
		<key alias="languageST">Southern Sotho (Sesotho)</key>
		<key alias="languageES">Spanish (Español)</key>
		<key alias="languageSU">Sundanese (Basa Sunda)</key>
		<key alias="languageSW">Swahili (Kiswahili)</key>
		<key alias="languageSS">Swati (SiSwati)</key>
		<key alias="languageSV">Swedish (svenska)</key>
		<key alias="languageTL">Tagalog (Wikang Tagalog)</key>
		<key alias="languageTY">Tahitian (Reo Tahiti)</key>
		<key alias="languageTG">Tajik (тоҷикӣ, toçikī, تاجیکی‎)</key>
		<key alias="languageTA">Tamil (தமிழ்)</key>
		<key alias="languageTT">Tatar (татар теле, tatar tele)</key>
		<key alias="languageTE">Telugu (తెలుగు)</key>
		<key alias="languageTH">Thai (ไทย)</key>
		<key alias="languageBO">Tibetan (བོད་ཡིག)</key>
		<key alias="languageTI">Tigrinya (ትግርኛ)</key>
		<key alias="languageTO">Tonga (faka Tonga)</key>
		<key alias="languageTS">Tsonga (Xitsonga)</key>
		<key alias="languageTN">Tswana (Setswana)</key>
		<key alias="languageTR">Turkish (Türkçe)</key>
		<key alias="languageTK">Turkmen (Türkmen, Түркмен)</key>
		<key alias="languageTW">Twi (Twi)</key>
		<key alias="languageUK">Ukrainian (Українська)</key>
		<key alias="languageUR">Urdu (اردو)</key>
		<key alias="languageUG">Uyghur (ئۇيغۇرچە‎, Uyghurche)</key>
		<key alias="languageUZ">Uzbek (Oʻzbek, Ўзбек, أۇزبېك‎)</key>
		<key alias="languageVE">Venda (Tshivenḓa)</key>
		<key alias="languageVI">Vietnamese (Tiếng Việt)</key>
		<key alias="languageVO">Volapük (Volapük)</key>
		<key alias="languageWA">Walloon (walon)</key>
		<key alias="languageCY">Welsh (Cymraeg)</key>
		<key alias="languageFY">Western Frisian (Frysk)</key>
		<key alias="languageWO">Wolof (Wollof)</key>
		<key alias="languageXH">Xhosa (isiXhosa)</key>
		<key alias="languageYI">Yiddish (ייִדיש)</key>
		<key alias="languageYO">Yoruba (Yorùbá)</key>
		<key alias="languageZA">Zhuang (Saɯ cueŋƅ, Saw cuengh)</key>
		<key alias="languageZU">Zulu (isiZulu)</key>

	</area>

	<area alias="terratypeGoogleMapsV3ConfigSearch">
		<key alias="typeLabel">Search:</key>
		<key alias="typeDescription">Do you want to include a text box, to lookup locations</key>
		<key alias="typeDisable">Hide Search</key>
		<key alias="typeEnable">Enable Search</key>
		<key alias="typeAutocomplete">Enable Search with Autocomplete</key>
		<key alias="typeError"><![CDATA[Need to enable <a href="https://console.developers.google.com/apis" target="_blank">Google Places API Web Service</a> for your Google API Key]]></key>

		<key alias="countryLabel">Limit:</key>
		<key alias="countryDescription">Limit all search results to a particular country or countries</key>
		<key alias="countryMax"><![CDATA[NOTE: Google Maps V{{view().provider.version}} has a limited of only allowing search restrictions to one country. From version 3.27 onwards, this restriction has been increased to five]]></key>
		<key alias="countryAF">Afghanistan</key>
		<key alias="countryAX">Aland Islands</key>
		<key alias="countryAL">Albania</key>
		<key alias="countryDZ">Algeria</key>
		<key alias="countryAS">American Samoa</key>
		<key alias="countryAD">Andorra</key>
		<key alias="countryAO">Angola</key>
		<key alias="countryAI">Anguilla</key>
		<key alias="countryAQ">Antarctica</key>
		<key alias="countryAG">Antigua and Barbuda</key>
		<key alias="countryAR">Argentina</key>
		<key alias="countryAM">Armenia</key>
		<key alias="countryAW">Aruba</key>
		<key alias="countryAU">Australia</key>
		<key alias="countryAT">Austria</key>
		<key alias="countryAZ">Azerbaijan</key>
		<key alias="countryBS">Bahamas</key>
		<key alias="countryBH">Bahrain</key>
		<key alias="countryBD">Bangladesh</key>
		<key alias="countryBB">Barbados</key>
		<key alias="countryBY">Belarus</key>
		<key alias="countryBE">Belgium</key>
		<key alias="countryBZ">Belize</key>
		<key alias="countryBJ">Benin</key>
		<key alias="countryBM">Bermuda</key>
		<key alias="countryBT">Bhutan</key>
		<key alias="countryBO">Bolivia</key>
		<key alias="countryBA">Bosnia and Herzegovina</key>
		<key alias="countryBW">Botswana</key>
		<key alias="countryBV">Bouvet Island</key>
		<key alias="countryBR">Brazil</key>
		<key alias="countryIO">British Indian Ocean Territory</key>
		<key alias="countryVG">British Virgin Islands</key>
		<key alias="countryBN">Brunei Darussalam</key>
		<key alias="countryBG">Bulgaria</key>
		<key alias="countryBF">Burkina Faso</key>
		<key alias="countryBI">Burundi</key>
		<key alias="countryKH">Cambodia</key>
		<key alias="countryCM">Cameroon</key>
		<key alias="countryCA">Canada</key>
		<key alias="countryCV">Cape Verde</key>
		<key alias="countryKY">Cayman Islands</key>
		<key alias="countryCF">Central African Republic</key>
		<key alias="countryTD">Chad</key>
		<key alias="countryCL">Chile</key>
		<key alias="countryCN">China</key>
		<key alias="countryCX">Christmas Island</key>
		<key alias="countryCC">Cocos Islands</key>
		<key alias="countryCO">Colombia</key>
		<key alias="countryKM">Comoros</key>
		<key alias="countryCD">Congo</key>
		<key alias="countryCG">Congo (Brazzaville)</key>
		<key alias="countryCK">Cook Islands</key>
		<key alias="countryCR">Costa Rica</key>
		<key alias="countryCI">Côte d'Ivoire</key>
		<key alias="countryHR">Croatia</key>
		<key alias="countryCU">Cuba</key>
		<key alias="countryCY">Cyprus</key>
		<key alias="countryCZ">Czech Republic</key>
		<key alias="countryDK">Denmark</key>
		<key alias="countryDJ">Djibouti</key>
		<key alias="countryDM">Dominica</key>
		<key alias="countryDO">Dominican Republic</key>
		<key alias="countryEC">Ecuador</key>
		<key alias="countryEG">Egypt</key>
		<key alias="countrySV">El Salvador</key>
		<key alias="countryGQ">Equatorial Guinea</key>
		<key alias="countryER">Eritrea</key>
		<key alias="countryEE">Estonia</key>
		<key alias="countryET">Ethiopia</key>
		<key alias="countryFK">Falkland Islands</key>
		<key alias="countryFO">Faroe Islands</key>
		<key alias="countryFJ">Fiji</key>
		<key alias="countryFI">Finland</key>
		<key alias="countryFR">France</key>
		<key alias="countryGF">French Guiana</key>
		<key alias="countryPF">French Polynesia</key>
		<key alias="countryTF">French Southern Territories</key>
		<key alias="countryGA">Gabon</key>
		<key alias="countryGM">Gambia</key>
		<key alias="countryGE">Georgia</key>
		<key alias="countryDE">Germany</key>
		<key alias="countryGH">Ghana</key>
		<key alias="countryGI">Gibraltar</key>
		<key alias="countryGR">Greece</key>
		<key alias="countryGL">Greenland</key>
		<key alias="countryGD">Grenada</key>
		<key alias="countryGP">Guadeloupe</key>
		<key alias="countryGU">Guam</key>
		<key alias="countryGT">Guatemala</key>
		<key alias="countryGG">Guernsey</key>
		<key alias="countryGN">Guinea</key>
		<key alias="countryGW">Guinea-Bissau</key>
		<key alias="countryGY">Guyana</key>
		<key alias="countryHT">Haiti</key>
		<key alias="countryHM">Heard Island and Mcdonald Islands</key>
		<key alias="countryVA">Holy See (Vatican City State)</key>
		<key alias="countryHN">Honduras</key>
		<key alias="countryHK">Hong Kong</key>
		<key alias="countryHU">Hungary</key>
		<key alias="countryIS">Iceland</key>
		<key alias="countryIN">India</key>
		<key alias="countryID">Indonesia</key>
		<key alias="countryIR">Iran</key>
		<key alias="countryIQ">Iraq</key>
		<key alias="countryIE">Ireland</key>
		<key alias="countryIM">Isle of Man</key>
		<key alias="countryIL">Israel</key>
		<key alias="countryIT">Italy</key>
		<key alias="countryJM">Jamaica</key>
		<key alias="countryJP">Japan</key>
		<key alias="countryJE">Jersey</key>
		<key alias="countryJO">Jordan</key>
		<key alias="countryKZ">Kazakhstan</key>
		<key alias="countryKE">Kenya</key>
		<key alias="countryKI">Kiribati</key>
		<key alias="countryKW">Kuwait</key>
		<key alias="countryKG">Kyrgyzstan</key>
		<key alias="countryLA">Lao PDR</key>
		<key alias="countryLV">Latvia</key>
		<key alias="countryLB">Lebanon</key>
		<key alias="countryLS">Lesotho</key>
		<key alias="countryLR">Liberia</key>
		<key alias="countryLY">Libya</key>
		<key alias="countryLI">Liechtenstein</key>
		<key alias="countryLT">Lithuania</key>
		<key alias="countryLU">Luxembourg</key>
		<key alias="countryMO">Macao</key>
		<key alias="countryMK">Macedonia</key>
		<key alias="countryMG">Madagascar</key>
		<key alias="countryMW">Malawi</key>
		<key alias="countryMY">Malaysia</key>
		<key alias="countryMV">Maldives</key>
		<key alias="countryML">Mali</key>
		<key alias="countryMT">Malta</key>
		<key alias="countryMH">Marshall Islands</key>
		<key alias="countryMQ">Martinique</key>
		<key alias="countryMR">Mauritania</key>
		<key alias="countryMU">Mauritius</key>
		<key alias="countryYT">Mayotte</key>
		<key alias="countryMX">Mexico</key>
		<key alias="countryFM">Micronesia</key>
		<key alias="countryMD">Moldova</key>
		<key alias="countryMC">Monaco</key>
		<key alias="countryMN">Mongolia</key>
		<key alias="countryME">Montenegro</key>
		<key alias="countryMS">Montserrat</key>
		<key alias="countryMA">Morocco</key>
		<key alias="countryMZ">Mozambique</key>
		<key alias="countryMM">Myanmar</key>
		<key alias="countryNA">Namibia</key>
		<key alias="countryNR">Nauru</key>
		<key alias="countryNP">Nepal</key>
		<key alias="countryNL">Netherlands</key>
		<key alias="countryAN">Netherlands Antilles</key>
		<key alias="countryNC">New Caledonia</key>
		<key alias="countryNZ">New Zealand</key>
		<key alias="countryNI">Nicaragua</key>
		<key alias="countryNE">Niger</key>
		<key alias="countryNG">Nigeria</key>
		<key alias="countryNU">Niue</key>
		<key alias="countryNF">Norfolk Island</key>
		<key alias="countryKP">North Korea</key>
		<key alias="countryMP">Northern Mariana Islands</key>
		<key alias="countryNO">Norway</key>
		<key alias="countryOM">Oman</key>
		<key alias="countryPK">Pakistan</key>
		<key alias="countryPW">Palau</key>
		<key alias="countryPS">Palestinian Territory</key>
		<key alias="countryPA">Panama</key>
		<key alias="countryPG">Papua New Guinea</key>
		<key alias="countryPY">Paraguay</key>
		<key alias="countryPE">Peru</key>
		<key alias="countryPH">Philippines</key>
		<key alias="countryPN">Pitcairn</key>
		<key alias="countryPL">Poland</key>
		<key alias="countryPT">Portugal</key>
		<key alias="countryPR">Puerto Rico</key>
		<key alias="countryQA">Qatar</key>
		<key alias="countryRE">Réunion</key>
		<key alias="countryRO">Romania</key>
		<key alias="countryRU">Russian Federation</key>
		<key alias="countryRW">Rwanda</key>
		<key alias="countrySH">Saint Helena</key>
		<key alias="countryKN">Saint Kitts and Nevis</key>
		<key alias="countryLC">Saint Lucia</key>
		<key alias="countryPM">Saint Pierre and Miquelon</key>
		<key alias="countryVC">Saint Vincent and Grenadines</key>
		<key alias="countryBL">Saint-Barthélemy</key>
		<key alias="countryMF">Saint-Martin (French part)</key>
		<key alias="countryWS">Samoa</key>
		<key alias="countrySM">San Marino</key>
		<key alias="countryST">Sao Tome and Principe</key>
		<key alias="countrySA">Saudi Arabia</key>
		<key alias="countrySN">Senegal</key>
		<key alias="countryRS">Serbia</key>
		<key alias="countrySC">Seychelles</key>
		<key alias="countrySL">Sierra Leone</key>
		<key alias="countrySG">Singapore</key>
		<key alias="countrySK">Slovakia</key>
		<key alias="countrySI">Slovenia</key>
		<key alias="countrySB">Solomon Islands</key>
		<key alias="countrySO">Somalia</key>
		<key alias="countryZA">South Africa</key>
		<key alias="countryGS">South Georgia and the South Sandwich Islands</key>
		<key alias="countryKR">South Korea</key>
		<key alias="countrySS">South Sudan</key>
		<key alias="countryES">Spain</key>
		<key alias="countryLK">Sri Lanka</key>
		<key alias="countrySD">Sudan</key>
		<key alias="countrySR">Suriname *</key>
		<key alias="countrySJ">Svalbard and Jan Mayen</key>
		<key alias="countrySZ">Swaziland</key>
		<key alias="countrySE">Sweden</key>
		<key alias="countryCH">Switzerland</key>
		<key alias="countrySY">Syria</key>
		<key alias="countryTW">Taiwan</key>
		<key alias="countryTJ">Tajikistan</key>
		<key alias="countryTZ">Tanzania</key>
		<key alias="countryTH">Thailand</key>
		<key alias="countryTL">Timor-Leste</key>
		<key alias="countryTG">Togo</key>
		<key alias="countryTK">Tokelau</key>
		<key alias="countryTO">Tonga</key>
		<key alias="countryTT">Trinidad and Tobago</key>
		<key alias="countryTN">Tunisia</key>
		<key alias="countryTR">Turkey</key>
		<key alias="countryTM">Turkmenistan</key>
		<key alias="countryTC">Turks and Caicos</key>
		<key alias="countryTV">Tuvalu</key>
		<key alias="countryUG">Uganda</key>
		<key alias="countryUA">Ukraine</key>
		<key alias="countryAE">United Arab Emirates</key>
		<key alias="countryGB">United Kingdom</key>
		<key alias="countryUM">United States Minor Outlying Islands</key>
		<key alias="countryUS">United States of America</key>
		<key alias="countryUY">Uruguay</key>
		<key alias="countryUZ">Uzbekistan</key>
		<key alias="countryVU">Vanuatu</key>
		<key alias="countryVE">Venezuela</key>
		<key alias="countryVN">Viet Nam</key>
		<key alias="countryVI">Virgin Islands, US</key>
		<key alias="countryWF">Wallis and Futuna Islands</key>
		<key alias="countryEH">Western Sahara</key>
		<key alias="countryYE">Yemen</key>
		<key alias="countryZM">Zambia</key>
		<key alias="countryZW">Zimbabwe</key>

		<key alias="countryClearTitle">Clear selected countries</key>
		<key alias="countryClearLabel">Clear</key>
		<key alias="countryLimit1"><![CDATA[Google Maps V3.{{view().provider.versionMajor}} has a limit of only 1 country that can be selected]]></key>
		<key alias="countryLimit5"><![CDATA[Google Maps V3.{{view().provider.versionMajor}} has a limit of 5 countries that can be selected]]></key>
	</area>

	<area alias="terratypeGoogleMapsV3EditorAppearance">
		<key alias="statusInvalid">Invalid Google Map API Key</key>
		<key alias="statusError">Failed to load Google Maps V3 multiple times, please manually refresh the page and try again</key>
		<key alias="statusDuplicate">Detected multiple GoogleMapsV3 maps with different configuration; All Google Maps must share the same Api Key, Coordinate System, ForceHttps switch and Language settings</key>
		<key alias="statusSearchFailed"><![CDATA[Need to enable <a href="https://console.developers.google.com/apis" target="_blank">Google Places API Web Service</a> for your Google API Key]]></key>
		<key alias="searchPlaceholder">Search...</key>
		<key alias="locationPlaceholder">latitude (-90.0 to 90.0), longitude (-180.0 to 180.0)</key>
	</area>


</language>
